{
  "genes": {
    "files": [
      {
        "filePath": "rna.fna",
        "fileType": "RNA_NUCLEOTIDE_FASTA",
        "uncompressedLengthBytes": "2447"
      },
      {
        "filePath": "protein.faa",
        "fileType": "PROTEIN_FASTA",
        "uncompressedLengthBytes": "677"
      },
      {
        "filePath": "data_report.jsonl",
        "fileType": "DATA_REPORT",
        "uncompressedLengthBytes": "12579"
      },
      {
        "filePath": "product_report.jsonl",
        "fileType": "DATA_REPORT",
        "uncompressedLengthBytes": "4787"
      }
    ]
  },
  "apiVersion": "V2"
}